,user_id,timestamp,modified_location,diff,siguiente_link,leisure,work,fit,highlight,body-shape,eyes,hair,sizes,measurements,focus,adventurous,styles,prices,avoid,footwear,you,photos,register,parte_quiz
0,11,2023-04-10 17:26:20.265654,https://lookiero/user/quiz/leisure,0 days 00:00:22.944790,https://lookiero/user/quiz/work,0,0,0,0,0,0,0,0,0,0,0,0,0,0,0,0,0,0,leisure
1,11,2023-04-10 17:26:43.210444,https://lookiero/user/quiz/work,0 days 00:00:07.920229,https://lookiero/user/quiz/fit,0,0,0,0,0,0,0,0,0,0,0,0,0,0,0,0,0,0,work
2,11,2023-04-10 17:26:51.130673,https://lookiero/user/quiz/fit,0 days 00:00:10.559260,https://lookiero/user/quiz/highlight,0,0,1,0,0,0,0,0,0,0,0,0,0,0,0,0,0,0,fit
3,11,2023-04-10 17:27:01.689933,https://lookiero/user/quiz/highlight,0 days 00:00:23.355116,https://lookiero/user/quiz/body-shape,0,0,0,1,0,0,0,0,0,0,0,0,0,0,0,0,0,0,highlight
4,11,2023-04-10 17:27:25.045049,https://lookiero/user/quiz/body-shape,0 days 00:00:12.901147,https://lookiero/user/quiz/eyes,0,0,0,0,0,0,0,0,0,0,0,0,0,0,0,0,0,0,body-shape
5,11,2023-04-10 17:27:37.946196,https://lookiero/user/quiz/eyes,0 days 00:00:14.016714,https://lookiero/user/quiz/hair,0,0,0,0,0,0,0,0,0,0,0,0,0,0,0,0,0,0,eyes
6,11,2023-04-10 17:27:51.962910,https://lookiero/user/quiz/hair,0 days 00:00:18.809129,https://lookiero/user/quiz/sizes,0,0,0,0,0,0,1,0,0,0,0,0,0,0,0,0,0,0,hair
7,11,2023-04-10 17:28:10.772039,https://lookiero/user/quiz/sizes,0 days 00:00:31.957920,https://lookiero/user/quiz/measurements,0,0,0,0,0,0,0,1,0,0,0,0,0,0,0,0,0,0,sizes
8,11,2023-04-10 17:28:42.729959,https://lookiero/user/quiz/measurements,0 days 00:00:42.836071,https://lookiero/user/quiz/adventurous,0,0,0,0,0,0,0,0,1,0,0,0,0,0,0,0,0,0,measurements
9,11,2023-04-10 17:29:25.566030,https://lookiero/user/quiz/adventurous,0 days 00:00:29.111824,https://lookiero/user/quiz/styles,0,0,0,0,0,0,0,0,0,0,1,0,0,0,0,0,0,0,adventurous
10,11,2023-04-10 17:29:54.677854,https://lookiero/user/quiz/styles,0 days 00:00:58.499691,https://lookiero/user/quiz/prices,0,0,0,0,0,0,0,0,0,0,0,1,0,0,0,0,0,0,styles
11,11,2023-04-10 17:30:53.177545,https://lookiero/user/quiz/prices,0 days 00:00:01.481088,https://lookiero/user/quiz/avoid,0,0,0,0,0,0,0,0,0,0,0,0,0,0,0,0,0,0,prices
12,11,2023-04-10 17:30:54.658633,https://lookiero/user/quiz/avoid,0 days 00:00:29.672921,https://lookiero/user/quiz/footwear,0,0,0,0,0,0,0,0,0,0,0,0,0,1,0,0,0,0,avoid
13,11,2023-04-10 17:31:24.331554,https://lookiero/user/quiz/footwear,0 days 00:00:30.181562,https://lookiero/user/quiz/you,0,0,0,0,0,0,0,0,0,0,0,0,0,0,1,0,0,0,footwear
14,11,2023-04-10 17:31:54.513116,https://lookiero/user/quiz/you,0 days 00:00:32.341534,https://lookiero/user/quiz/photos,0,0,0,0,0,0,0,0,0,0,0,0,0,0,0,1,0,0,you
15,11,2023-04-10 17:32:26.854650,https://lookiero/user/quiz/photos,0 days 00:00:31.875814,https://lookiero/user/quiz/register,0,0,0,0,0,0,0,0,0,0,0,0,0,0,0,0,1,0,photos
16,11,2023-04-10 17:32:58.730464,https://lookiero/user/quiz/register,,https://lookiero/user/quiz/leisure,0,0,0,0,0,0,0,0,0,0,0,0,0,0,0,0,0,0,register
17,28,2023-04-10 13:27:45.827273,https://lookiero/user/quiz/leisure,0 days 00:00:08.929912,https://lookiero/user/quiz/fit,0,0,0,0,0,0,0,0,0,0,0,0,0,0,0,0,0,0,leisure
18,28,2023-04-10 13:27:54.757185,https://lookiero/user/quiz/fit,0 days 00:00:54.699899,https://lookiero/user/quiz/avoid,0,0,1,0,0,0,0,0,0,0,0,0,0,0,0,0,0,0,fit
19,28,2023-04-10 13:28:49.457084,https://lookiero/user/quiz/avoid,0 days 00:01:55.082585,https://lookiero/user/quiz/work,0,0,0,0,0,0,0,0,0,0,0,0,0,1,0,0,0,0,avoid
20,28,2023-04-10 13:30:44.539669,https://lookiero/user/quiz/work,0 days 00:00:07.090210,https://lookiero/user/quiz/highlight,0,0,0,0,0,0,0,0,0,0,0,0,0,0,0,0,0,0,work
21,28,2023-04-10 13:30:51.629879,https://lookiero/user/quiz/highlight,0 days 00:00:18.380307,https://lookiero/user/quiz/body-shape,0,0,0,1,0,0,0,0,0,0,0,0,0,0,0,0,0,0,highlight
22,28,2023-04-10 13:31:10.010186,https://lookiero/user/quiz/body-shape,0 days 00:00:05.150926,https://lookiero/user/quiz/eyes,0,0,0,0,0,0,0,0,0,0,0,0,0,0,0,0,0,0,body-shape
23,28,2023-04-10 13:31:15.161112,https://lookiero/user/quiz/eyes,0 days 00:00:05.252595,https://lookiero/user/quiz/hair,0,0,0,0,0,0,0,0,0,0,0,0,0,0,0,0,0,0,eyes
24,28,2023-04-10 13:31:20.413707,https://lookiero/user/quiz/hair,0 days 00:00:12.477099,https://lookiero/user/quiz/measurements,0,0,0,0,0,0,1,0,0,0,0,0,0,0,0,0,0,0,hair
25,28,2023-04-10 13:31:32.890806,https://lookiero/user/quiz/measurements,0 days 00:00:19.586124,https://lookiero/user/quiz/focus,0,0,0,0,0,0,0,0,0,0,0,0,0,0,0,0,0,0,measurements
26,28,2023-04-10 13:31:52.476930,https://lookiero/user/quiz/focus,0 days 00:00:05.774772,https://lookiero/user/quiz/adventurous,0,0,0,0,0,0,0,0,0,0,0,0,0,0,0,0,0,0,focus
27,28,2023-04-10 13:31:58.251702,https://lookiero/user/quiz/adventurous,0 days 00:00:21.485350,https://lookiero/user/quiz/prices,0,0,0,0,0,0,0,0,0,0,1,0,0,0,0,0,0,0,adventurous
28,28,2023-04-10 13:32:19.737052,https://lookiero/user/quiz/prices,0 days 00:00:07.193340,https://lookiero/user/quiz/footwear,0,0,0,0,0,0,0,0,0,0,0,0,0,0,0,0,0,0,prices
29,28,2023-04-10 13:32:26.930392,https://lookiero/user/quiz/footwear,0 days 00:00:24.215384,https://lookiero/user/quiz/you,0,0,0,0,0,0,0,0,0,0,0,0,0,0,0,0,0,0,footwear
30,28,2023-04-10 13:32:51.145776,https://lookiero/user/quiz/you,0 days 00:00:13.453236,https://lookiero/user/quiz/photos,0,0,0,0,0,0,0,0,0,0,0,0,0,0,0,0,0,0,you
31,28,2023-04-10 13:33:04.599012,https://lookiero/user/quiz/photos,0 days 00:00:06.707709,https://lookiero/user/quiz/register,0,0,0,0,0,0,0,0,0,0,0,0,0,0,0,0,0,0,photos
32,28,2023-04-10 13:33:11.306721,https://lookiero/user/quiz/register,,https://lookiero/user/quiz/work,0,0,0,0,0,0,0,0,0,0,0,0,0,0,0,0,0,0,register
33,44,2023-06-29 14:49:28.946444,https://lookiero/user/quiz/work,0 days 00:00:05.009087,https://lookiero/user/quiz/fit,0,0,0,0,0,0,0,0,0,0,0,0,0,0,0,0,0,0,work
34,44,2023-06-29 14:49:33.955531,https://lookiero/user/quiz/fit,0 days 00:00:05.307797,https://lookiero/user/quiz/body-shape,0,0,0,0,0,0,0,0,0,0,0,0,0,0,0,0,0,0,fit
35,44,2023-06-29 14:49:39.263328,https://lookiero/user/quiz/body-shape,0 days 00:00:13.589370,https://lookiero/user/quiz/hair,0,0,0,0,0,0,0,0,0,0,0,0,0,0,0,0,0,0,body-shape
36,44,2023-06-29 14:49:52.852698,https://lookiero/user/quiz/hair,0 days 00:00:08.604089,https://lookiero/user/quiz/measurements,0,0,0,0,0,0,1,0,0,0,0,0,0,0,0,0,0,0,hair
37,44,2023-06-29 14:50:01.456787,https://lookiero/user/quiz/measurements,0 days 00:00:06.333897,https://lookiero/user/quiz/focus,0,0,0,0,0,0,0,0,0,0,0,0,0,0,0,0,0,0,measurements
38,44,2023-06-29 14:50:07.790684,https://lookiero/user/quiz/focus,0 days 00:00:06.975484,https://lookiero/user/quiz/footwear,0,0,0,0,0,0,0,0,0,0,0,0,0,0,0,0,0,0,focus
39,44,2023-06-29 14:50:14.766168,https://lookiero/user/quiz/footwear,0 days 00:00:00.002796,https://lookiero/user/quiz/prices,0,0,0,0,0,0,0,0,0,0,0,0,0,0,0,0,0,0,footwear
40,44,2023-06-29 14:50:14.768964,https://lookiero/user/quiz/prices,0 days 00:00:08.765563,https://lookiero/user/quiz/you,0,0,0,0,0,0,0,0,0,0,0,0,0,0,0,0,0,0,prices
41,44,2023-06-29 14:50:23.534527,https://lookiero/user/quiz/you,0 days 00:00:14.804920,https://lookiero/user/quiz/photos,0,0,0,0,0,0,0,0,0,0,0,0,0,0,0,0,0,0,you
42,44,2023-06-29 14:50:38.339447,https://lookiero/user/quiz/photos,,https://lookiero/user/quiz,0,0,0,0,0,0,0,0,0,0,0,0,0,0,0,0,0,0,photos
43,50,2023-02-19 09:36:21.874769,https://lookiero/user/quiz,0 days 00:00:06.898356,https://lookiero/user/quiz/work,0,0,0,0,0,0,0,0,0,0,0,0,0,0,0,0,0,0,
44,50,2023-02-19 09:36:28.773125,https://lookiero/user/quiz/work,0 days 00:00:07.688782,https://lookiero/user/quiz/fit,0,0,0,0,0,0,0,0,0,0,0,0,0,0,0,0,0,0,work
45,50,2023-02-19 09:36:36.461907,https://lookiero/user/quiz/fit,0 days 00:00:11.984696,https://lookiero/user/quiz/highlight,0,0,1,0,0,0,0,0,0,0,0,0,0,0,0,0,0,0,fit
46,50,2023-02-19 09:36:48.446603,https://lookiero/user/quiz/highlight,0 days 00:00:16.322149,https://lookiero/user/quiz/body-shape,0,0,0,0,0,0,0,0,0,0,0,0,0,0,0,0,0,0,highlight
47,50,2023-02-19 09:37:04.768752,https://lookiero/user/quiz/body-shape,0 days 00:00:25.676000,https://lookiero/user/quiz/eyes,0,0,0,0,1,0,0,0,0,0,0,0,0,0,0,0,0,0,body-shape
48,50,2023-02-19 09:37:30.444752,https://lookiero/user/quiz/eyes,0 days 00:00:09.154115,https://lookiero/user/quiz/hair,0,0,0,0,0,0,0,0,0,0,0,0,0,0,0,0,0,0,eyes
49,50,2023-02-19 09:37:39.598867,https://lookiero/user/quiz/hair,0 days 00:00:09.486378,https://lookiero/user/quiz/sizes,0,0,0,0,0,0,1,0,0,0,0,0,0,0,0,0,0,0,hair
50,50,2023-02-19 09:37:49.085245,https://lookiero/user/quiz/sizes,0 days 00:00:18.512843,https://lookiero/user/quiz/measurements,0,0,0,0,0,0,0,0,0,0,0,0,0,0,0,0,0,0,sizes
51,50,2023-02-19 09:38:07.598088,https://lookiero/user/quiz/measurements,0 days 00:00:10.799867,https://lookiero/user/quiz/focus,0,0,0,0,0,0,0,0,0,0,0,0,0,0,0,0,0,0,measurements
52,50,2023-02-19 09:38:18.397955,https://lookiero/user/quiz/focus,0 days 00:00:10.902762,https://lookiero/user/quiz/adventurous,0,0,0,0,0,0,0,0,0,0,0,0,0,0,0,0,0,0,focus
53,50,2023-02-19 09:38:29.300717,https://lookiero/user/quiz/adventurous,0 days 00:00:12.326602,https://lookiero/user/quiz/styles,0,0,0,0,0,0,0,0,0,0,0,0,0,0,0,0,0,0,adventurous
54,50,2023-02-19 09:38:41.627319,https://lookiero/user/quiz/styles,0 days 00:00:41.082912,https://lookiero/user/quiz/prices,0,0,0,0,0,0,0,0,0,0,0,1,0,0,0,0,0,0,styles
55,50,2023-02-19 09:39:22.710231,https://lookiero/user/quiz/prices,0 days 00:00:17.209149,https://lookiero/user/quiz/footwear,0,0,0,0,0,0,0,0,0,0,0,0,1,0,0,0,0,0,prices
56,50,2023-02-19 09:39:39.919380,https://lookiero/user/quiz/footwear,0 days 00:00:05.560811,https://lookiero/user/quiz/you,0,0,0,0,0,0,0,0,0,0,0,0,0,0,0,0,0,0,footwear
57,50,2023-02-19 09:39:45.480191,https://lookiero/user/quiz/you,0 days 00:00:20.328488,https://lookiero/user/quiz/photos,0,0,0,0,0,0,0,0,0,0,0,0,0,0,0,1,0,0,you
58,50,2023-02-19 09:40:05.808679,https://lookiero/user/quiz/photos,0 days 00:02:07.880981,https://lookiero/user/quiz/register,0,0,0,0,0,0,0,0,0,0,0,0,0,0,0,0,1,0,photos
59,50,2023-02-19 09:42:13.689660,https://lookiero/user/quiz/register,,https://lookiero/user/quiz/work,0,0,0,0,0,0,0,0,0,0,0,0,0,0,0,0,0,0,register
60,144,2023-02-19 08:27:37.346538,https://lookiero/user/quiz/work,0 days 00:00:30.695386,https://lookiero/user/quiz/fit,0,1,0,0,0,0,0,0,0,0,0,0,0,0,0,0,0,0,work
61,144,2023-02-19 08:28:08.041924,https://lookiero/user/quiz/fit,0 days 00:00:12.609273,https://lookiero/user/quiz/highlight,0,0,1,0,0,0,0,0,0,0,0,0,0,0,0,0,0,0,fit
62,144,2023-02-19 08:28:20.651197,https://lookiero/user/quiz/highlight,0 days 00:00:14.055200,https://lookiero/user/quiz/body-shape,0,0,0,0,0,0,0,0,0,0,0,0,0,0,0,0,0,0,highlight
63,144,2023-02-19 08:28:34.706397,https://lookiero/user/quiz/body-shape,0 days 00:02:31.638418,https://lookiero/user/quiz/eyes,0,0,0,0,1,0,0,0,0,0,0,0,0,0,0,0,0,0,body-shape
64,144,2023-02-19 08:31:06.344815,https://lookiero/user/quiz/eyes,0 days 00:00:24.086417,https://lookiero/user/quiz/hair,0,0,0,0,0,1,0,0,0,0,0,0,0,0,0,0,0,0,eyes
65,144,2023-02-19 08:31:30.431232,https://lookiero/user/quiz/hair,0 days 00:00:08.911490,https://lookiero/user/quiz/sizes,0,0,0,0,0,0,1,0,0,0,0,0,0,0,0,0,0,0,hair
66,144,2023-02-19 08:31:39.342722,https://lookiero/user/quiz/sizes,0 days 00:00:32.415841,https://lookiero/user/quiz/measurements,0,0,0,0,0,0,0,1,0,0,0,0,0,0,0,0,0,0,sizes
67,144,2023-02-19 08:32:11.758563,https://lookiero/user/quiz/measurements,0 days 00:00:24.131226,https://lookiero/user/quiz/focus,0,0,0,0,0,0,0,0,1,0,0,0,0,0,0,0,0,0,measurements
68,144,2023-02-19 08:32:35.889789,https://lookiero/user/quiz/focus,0 days 00:00:58.629780,https://lookiero/user/quiz/adventurous,0,0,0,0,0,0,0,0,0,1,0,0,0,0,0,0,0,0,focus
69,144,2023-02-19 08:33:34.519569,https://lookiero/user/quiz/adventurous,0 days 00:00:27.533767,https://lookiero/user/quiz/styles,0,0,0,0,0,0,0,0,0,0,1,0,0,0,0,0,0,0,adventurous
70,144,2023-02-19 08:34:02.053336,https://lookiero/user/quiz/styles,0 days 00:02:12.475055,https://lookiero/user/quiz/prices,0,0,0,0,0,0,0,0,0,0,0,1,0,0,0,0,0,0,styles
71,144,2023-02-19 08:36:14.528391,https://lookiero/user/quiz/prices,0 days 00:00:15.317494,https://lookiero/user/quiz/avoid,0,0,0,0,0,0,0,0,0,0,0,0,1,0,0,0,0,0,prices
72,144,2023-02-19 08:36:29.845885,https://lookiero/user/quiz/avoid,0 days 00:00:40.818991,https://lookiero/user/quiz/you,0,0,0,0,0,0,0,0,0,0,0,0,0,1,0,0,0,0,avoid
73,144,2023-02-19 08:37:10.664876,https://lookiero/user/quiz/you,0 days 00:00:46.425729,https://lookiero/user/quiz/photos,0,0,0,0,0,0,0,0,0,0,0,0,0,0,0,1,0,0,you
74,144,2023-02-19 08:37:57.090605,https://lookiero/user/quiz/photos,0 days 00:06:14.997093,https://lookiero/user/quiz/social,0,0,0,0,0,0,0,0,0,0,0,0,0,0,0,0,1,0,photos
75,144,2023-02-19 08:44:12.087698,https://lookiero/user/quiz/social,0 days 00:00:16.746319,https://lookiero/user/quiz/register,0,0,0,0,0,0,0,0,0,0,0,0,0,0,0,0,0,0,social
76,144,2023-02-19 08:44:28.834017,https://lookiero/user/quiz/register,,https://lookiero/user/quiz/work,0,0,0,0,0,0,0,0,0,0,0,0,0,0,0,0,0,0,register
77,181,2023-03-18 19:19:42.349669,https://lookiero/user/quiz/work,0 days 00:00:08.264583,https://lookiero/user/quiz/fit,0,0,0,0,0,0,0,0,0,0,0,0,0,0,0,0,0,0,work
78,181,2023-03-18 19:19:50.614252,https://lookiero/user/quiz/fit,0 days 00:00:47.538096,https://lookiero/user/quiz/highlight,0,0,1,0,0,0,0,0,0,0,0,0,0,0,0,0,0,0,fit
79,181,2023-03-18 19:20:38.152348,https://lookiero/user/quiz/highlight,0 days 00:00:44.063065,https://lookiero/user/quiz/body-shape,0,0,0,1,0,0,0,0,0,0,0,0,0,0,0,0,0,0,highlight
80,181,2023-03-18 19:21:22.215413,https://lookiero/user/quiz/body-shape,0 days 00:01:08.503526,https://lookiero/user/quiz/eyes,0,0,0,0,1,0,0,0,0,0,0,0,0,0,0,0,0,0,body-shape
81,181,2023-03-18 19:22:30.718939,https://lookiero/user/quiz/eyes,0 days 00:00:27.601148,https://lookiero/user/quiz/hair,0,0,0,0,0,1,0,0,0,0,0,0,0,0,0,0,0,0,eyes
82,181,2023-03-18 19:22:58.320087,https://lookiero/user/quiz/hair,0 days 00:00:11.050731,https://lookiero/user/quiz/sizes,0,0,0,0,0,0,1,0,0,0,0,0,0,0,0,0,0,0,hair
83,181,2023-03-18 19:23:09.370818,https://lookiero/user/quiz/sizes,0 days 00:00:37.317620,https://lookiero/user/quiz/measurements,0,0,0,0,0,0,0,1,0,0,0,0,0,0,0,0,0,0,sizes
84,181,2023-03-18 19:23:46.688438,https://lookiero/user/quiz/measurements,0 days 00:00:17.876765,https://lookiero/user/quiz/focus,0,0,0,0,0,0,0,0,0,0,0,0,0,0,0,0,0,0,measurements
85,181,2023-03-18 19:24:04.565203,https://lookiero/user/quiz/focus,0 days 00:01:01.029918,https://lookiero/user/quiz/adventurous,0,0,0,0,0,0,0,0,0,1,0,0,0,0,0,0,0,0,focus
86,181,2023-03-18 19:25:05.595121,https://lookiero/user/quiz/adventurous,0 days 00:01:02.634770,https://lookiero/user/quiz/styles,0,0,0,0,0,0,0,0,0,0,1,0,0,0,0,0,0,0,adventurous
87,181,2023-03-18 19:26:08.229891,https://lookiero/user/quiz/styles,0 days 00:01:18.645158,https://lookiero/user/quiz/prices,0,0,0,0,0,0,0,0,0,0,0,1,0,0,0,0,0,0,styles
88,181,2023-03-18 19:27:26.875049,https://lookiero/user/quiz/prices,0 days 00:00:16.000011,https://lookiero/user/quiz/avoid,0,0,0,0,0,0,0,0,0,0,0,0,1,0,0,0,0,0,prices
89,181,2023-03-18 19:27:42.875060,https://lookiero/user/quiz/avoid,0 days 00:00:57.431505,https://lookiero/user/quiz/you,0,0,0,0,0,0,0,0,0,0,0,0,0,1,0,0,0,0,avoid
90,181,2023-03-18 19:28:40.306565,https://lookiero/user/quiz/you,0 days 00:00:44.190539,https://lookiero/user/quiz/photos,0,0,0,0,0,0,0,0,0,0,0,0,0,0,0,1,0,0,you
91,181,2023-03-18 19:29:24.497104,https://lookiero/user/quiz/photos,0 days 00:09:48.647436,https://lookiero/user/quiz/social,0,0,0,0,0,0,0,0,0,0,0,0,0,0,0,0,1,0,photos
92,181,2023-03-18 19:39:13.144540,https://lookiero/user/quiz/social,0 days 00:01:23.786482,https://lookiero/user/quiz/register,0,0,0,0,0,0,0,0,0,0,0,0,0,0,0,0,0,0,social
93,181,2023-03-18 19:40:36.931022,https://lookiero/user/quiz/register,,https://lookiero/user/quiz/work,0,0,0,0,0,0,0,0,0,0,0,0,0,0,0,0,0,0,register
94,188,2023-02-19 05:02:54.779590,https://lookiero/user/quiz/work,0 days 00:00:56.281741,https://lookiero/user/quiz/fit,0,1,0,0,0,0,0,0,0,0,0,0,0,0,0,0,0,0,work
95,188,2023-02-19 05:03:51.061331,https://lookiero/user/quiz/fit,0 days 00:00:39.176138,https://lookiero/user/quiz/highlight,0,0,1,0,0,0,0,0,0,0,0,0,0,0,0,0,0,0,fit
96,188,2023-02-19 05:04:30.237469,https://lookiero/user/quiz/highlight,0 days 00:00:45.581857,https://lookiero/user/quiz/body-shape,0,0,0,1,0,0,0,0,0,0,0,0,0,0,0,0,0,0,highlight
97,188,2023-02-19 05:05:15.819326,https://lookiero/user/quiz/body-shape,0 days 00:00:42.072313,https://lookiero/user/quiz/eyes,0,0,0,0,1,0,0,0,0,0,0,0,0,0,0,0,0,0,body-shape
98,188,2023-02-19 05:05:57.891639,https://lookiero/user/quiz/eyes,0 days 00:00:15.690321,https://lookiero/user/quiz/hair,0,0,0,0,0,1,0,0,0,0,0,0,0,0,0,0,0,0,eyes
99,188,2023-02-19 05:06:13.581960,https://lookiero/user/quiz/hair,0 days 00:00:05.727401,https://lookiero/user/quiz/sizes,0,0,0,0,0,0,0,0,0,0,0,0,0,0,0,0,0,0,hair
100,188,2023-02-19 05:06:19.309361,https://lookiero/user/quiz/sizes,0 days 00:00:35.532891,https://lookiero/user/quiz/measurements,0,0,0,0,0,0,0,1,0,0,0,0,0,0,0,0,0,0,sizes
101,188,2023-02-19 05:06:54.842252,https://lookiero/user/quiz/measurements,0 days 00:00:24.239978,https://lookiero/user/quiz/focus,0,0,0,0,0,0,0,0,1,0,0,0,0,0,0,0,0,0,measurements
102,188,2023-02-19 05:07:19.082230,https://lookiero/user/quiz/focus,0 days 00:00:31.827423,https://lookiero/user/quiz/adventurous,0,0,0,0,0,0,0,0,0,1,0,0,0,0,0,0,0,0,focus
103,188,2023-02-19 05:07:50.909653,https://lookiero/user/quiz/adventurous,0 days 00:00:26.112097,https://lookiero/user/quiz/styles,0,0,0,0,0,0,0,0,0,0,1,0,0,0,0,0,0,0,adventurous
104,188,2023-02-19 05:08:17.021750,https://lookiero/user/quiz/styles,0 days 00:00:54.549659,https://lookiero/user/quiz/prices,0,0,0,0,0,0,0,0,0,0,0,1,0,0,0,0,0,0,styles
105,188,2023-02-19 05:09:11.571409,https://lookiero/user/quiz/prices,0 days 00:00:40.208700,https://lookiero/user/quiz/footwear,0,0,0,0,0,0,0,0,0,0,0,0,1,0,0,0,0,0,prices
106,188,2023-02-19 05:09:51.780109,https://lookiero/user/quiz/footwear,0 days 00:00:06.756108,https://lookiero/user/quiz/avoid,0,0,0,0,0,0,0,0,0,0,0,0,0,0,0,0,0,0,footwear
107,188,2023-02-19 05:09:58.536217,https://lookiero/user/quiz/avoid,0 days 00:00:41.987297,https://lookiero/user/quiz/you,0,0,0,0,0,0,0,0,0,0,0,0,0,1,0,0,0,0,avoid
108,188,2023-02-19 05:10:40.523514,https://lookiero/user/quiz/you,0 days 00:00:06.897851,https://lookiero/user/quiz/photos,0,0,0,0,0,0,0,0,0,0,0,0,0,0,0,0,0,0,you
109,188,2023-02-19 05:10:47.421365,https://lookiero/user/quiz/photos,0 days 00:00:10.789255,https://lookiero/user/quiz/social,0,0,0,0,0,0,0,0,0,0,0,0,0,0,0,0,0,0,photos
110,188,2023-02-19 05:10:58.210620,https://lookiero/user/quiz/social,0 days 00:00:45.425192,https://lookiero/user/quiz/register,0,0,0,0,0,0,0,0,0,0,0,0,0,0,0,0,0,0,social
111,188,2023-02-19 05:11:43.635812,https://lookiero/user/quiz/register,,https://lookiero/user/quiz/work,0,0,0,0,0,0,0,0,0,0,0,0,0,0,0,0,0,0,register
112,195,2023-02-19 06:25:47.408731,https://lookiero/user/quiz/work,0 days 00:00:18.447625,https://lookiero/user/quiz/fit,0,0,0,0,0,0,0,0,0,0,0,0,0,0,0,0,0,0,work
113,195,2023-02-19 06:26:05.856356,https://lookiero/user/quiz/fit,0 days 00:00:18.761331,https://lookiero/user/quiz/highlight,0,0,1,0,0,0,0,0,0,0,0,0,0,0,0,0,0,0,fit
114,195,2023-02-19 06:26:24.617687,https://lookiero/user/quiz/highlight,0 days 00:01:03.581257,https://lookiero/user/quiz/body-shape,0,0,0,1,0,0,0,0,0,0,0,0,0,0,0,0,0,0,highlight
115,195,2023-02-19 06:27:28.198944,https://lookiero/user/quiz/body-shape,0 days 00:00:34.664180,https://lookiero/user/quiz/eyes,0,0,0,0,1,0,0,0,0,0,0,0,0,0,0,0,0,0,body-shape
116,195,2023-02-19 06:28:02.863124,https://lookiero/user/quiz/eyes,0 days 00:00:09.850355,https://lookiero/user/quiz/hair,0,0,0,0,0,0,0,0,0,0,0,0,0,0,0,0,0,0,eyes
117,195,2023-02-19 06:28:12.713479,https://lookiero/user/quiz/hair,0 days 00:00:15.058301,https://lookiero/user/quiz/sizes,0,0,0,0,0,0,1,0,0,0,0,0,0,0,0,0,0,0,hair
118,195,2023-02-19 06:28:27.771780,https://lookiero/user/quiz/sizes,0 days 00:00:51.992364,https://lookiero/user/quiz/measurements,0,0,0,0,0,0,0,1,0,0,0,0,0,0,0,0,0,0,sizes
119,195,2023-02-19 06:29:19.764144,https://lookiero/user/quiz/measurements,0 days 00:00:18.527106,https://lookiero/user/quiz/focus,0,0,0,0,0,0,0,0,0,0,0,0,0,0,0,0,0,0,measurements
120,195,2023-02-19 06:29:38.291250,https://lookiero/user/quiz/focus,0 days 00:00:25.240192,https://lookiero/user/quiz/adventurous,0,0,0,0,0,0,0,0,0,1,0,0,0,0,0,0,0,0,focus
121,195,2023-02-19 06:30:03.531442,https://lookiero/user/quiz/adventurous,0 days 00:00:21.283456,https://lookiero/user/quiz/styles,0,0,0,0,0,0,0,0,0,0,1,0,0,0,0,0,0,0,adventurous
122,195,2023-02-19 06:30:24.814898,https://lookiero/user/quiz/styles,0 days 00:01:59.194932,https://lookiero/user/quiz/prices,0,0,0,0,0,0,0,0,0,0,0,1,0,0,0,0,0,0,styles
123,195,2023-02-19 06:32:24.009830,https://lookiero/user/quiz/prices,0 days 00:01:01.302987,https://lookiero/user/quiz/you,0,0,0,0,0,0,0,0,0,0,0,0,1,0,0,0,0,0,prices
124,195,2023-02-19 06:33:25.312817,https://lookiero/user/quiz/you,0 days 00:07:58.984786,https://lookiero/user/quiz/photos,0,0,0,0,0,0,0,0,0,0,0,0,0,0,0,1,0,0,you
125,195,2023-02-19 06:41:24.297603,https://lookiero/user/quiz/photos,0 days 00:01:00.135067,https://lookiero/user/quiz/avoid,0,0,0,0,0,0,0,0,0,0,0,0,0,0,0,0,1,0,photos
126,195,2023-02-19 06:42:24.432670,https://lookiero/user/quiz/avoid,0 days 00:00:09.537284,https://lookiero/user/quiz/footwear,0,0,0,0,0,0,0,0,0,0,0,0,0,0,0,0,0,0,avoid
127,195,2023-02-19 06:42:33.969954,https://lookiero/user/quiz/footwear,0 days 00:47:49.996103,https://lookiero/user/quiz/social,0,0,0,0,0,0,0,0,0,0,0,0,0,0,1,0,0,0,footwear
128,195,2023-02-19 07:30:23.966057,https://lookiero/user/quiz/social,0 days 00:24:35.968820,https://lookiero/user/quiz/register,0,0,0,0,0,0,0,0,0,0,0,0,0,0,0,0,0,0,social
129,195,2023-02-19 07:54:59.934877,https://lookiero/user/quiz/register,,https://lookiero/user/quiz/register,0,0,0,0,0,0,0,0,0,0,0,0,0,0,0,0,0,0,register
130,210,2023-01-25 21:44:57.991045,https://lookiero/user/quiz/register,,https://lookiero/user/quiz/register,0,0,0,0,0,0,0,0,0,0,0,0,0,0,0,0,0,0,register
131,217,2023-03-18 16:55:13.108117,https://lookiero/user/quiz/register,,https://lookiero/user/quiz/work,0,0,0,0,0,0,0,0,0,0,0,0,0,0,0,0,0,0,register
132,237,2023-02-19 08:22:51.310318,https://lookiero/user/quiz/work,0 days 00:00:13.375462,https://lookiero/user/quiz/fit,0,0,0,0,0,0,0,0,0,0,0,0,0,0,0,0,0,0,work
133,237,2023-02-19 08:23:04.685780,https://lookiero/user/quiz/fit,0 days 00:00:22.126968,https://lookiero/user/quiz/highlight,0,0,1,0,0,0,0,0,0,0,0,0,0,0,0,0,0,0,fit
134,237,2023-02-19 08:23:26.812748,https://lookiero/user/quiz/highlight,0 days 00:00:17.750383,https://lookiero/user/quiz/body-shape,0,0,0,0,0,0,0,0,0,0,0,0,0,0,0,0,0,0,highlight
135,237,2023-02-19 08:23:44.563131,https://lookiero/user/quiz/body-shape,0 days 00:00:53.202743,https://lookiero/user/quiz/eyes,0,0,0,0,1,0,0,0,0,0,0,0,0,0,0,0,0,0,body-shape
136,237,2023-02-19 08:24:37.765874,https://lookiero/user/quiz/eyes,0 days 00:00:09.919963,https://lookiero/user/quiz/hair,0,0,0,0,0,0,0,0,0,0,0,0,0,0,0,0,0,0,eyes
137,237,2023-02-19 08:24:47.685837,https://lookiero/user/quiz/hair,0 days 00:00:15.241990,https://lookiero/user/quiz/sizes,0,0,0,0,0,0,1,0,0,0,0,0,0,0,0,0,0,0,hair
138,237,2023-02-19 08:25:02.927827,https://lookiero/user/quiz/sizes,0 days 00:00:54.716030,https://lookiero/user/quiz/measurements,0,0,0,0,0,0,0,1,0,0,0,0,0,0,0,0,0,0,sizes
139,237,2023-02-19 08:25:57.643857,https://lookiero/user/quiz/measurements,0 days 00:00:16.806390,https://lookiero/user/quiz/focus,0,0,0,0,0,0,0,0,0,0,0,0,0,0,0,0,0,0,measurements
140,237,2023-02-19 08:26:14.450247,https://lookiero/user/quiz/focus,0 days 00:00:14.395662,https://lookiero/user/quiz/adventurous,0,0,0,0,0,0,0,0,0,1,0,0,0,0,0,0,0,0,focus
141,237,2023-02-19 08:26:28.845909,https://lookiero/user/quiz/adventurous,0 days 00:00:36.592401,https://lookiero/user/quiz/styles,0,0,0,0,0,0,0,0,0,0,1,0,0,0,0,0,0,0,adventurous
142,237,2023-02-19 08:27:05.438310,https://lookiero/user/quiz/styles,0 days 00:00:55.260719,https://lookiero/user/quiz/prices,0,0,0,0,0,0,0,0,0,0,0,1,0,0,0,0,0,0,styles
143,237,2023-02-19 08:28:00.699029,https://lookiero/user/quiz/prices,0 days 00:00:06.008242,https://lookiero/user/quiz/avoid,0,0,0,0,0,0,0,0,0,0,0,0,0,0,0,0,0,0,prices
144,237,2023-02-19 08:28:06.707271,https://lookiero/user/quiz/avoid,0 days 00:00:06.599050,https://lookiero/user/quiz/footwear,0,0,0,0,0,0,0,0,0,0,0,0,0,0,0,0,0,0,avoid
145,237,2023-02-19 08:28:13.306321,https://lookiero/user/quiz/footwear,0 days 00:00:21.830059,https://lookiero/user/quiz/you,0,0,0,0,0,0,0,0,0,0,0,0,0,0,0,0,0,0,footwear
146,237,2023-02-19 08:28:35.136380,https://lookiero/user/quiz/you,0 days 00:00:29.293684,https://lookiero/user/quiz/photos,0,0,0,0,0,0,0,0,0,0,0,0,0,0,0,1,0,0,you
147,237,2023-02-19 08:29:04.430064,https://lookiero/user/quiz/photos,0 days 00:06:11.231876,https://lookiero/user/quiz/social,0,0,0,0,0,0,0,0,0,0,0,0,0,0,0,0,1,0,photos
148,237,2023-02-19 08:35:15.661940,https://lookiero/user/quiz/social,0 days 00:00:14.514709,https://lookiero/user/quiz/register,0,0,0,0,0,0,0,0,0,0,0,0,0,0,0,0,0,0,social
149,237,2023-02-19 08:35:30.176649,https://lookiero/user/quiz/register,,https://lookiero/user/quiz/leisure,0,0,0,0,0,0,0,0,0,0,0,0,0,0,0,0,0,0,register
150,295,2023-04-10 17:13:39.346121,https://lookiero/user/quiz/leisure,0 days 00:00:15.122158,https://lookiero/user/quiz/work,0,0,0,0,0,0,0,0,0,0,0,0,0,0,0,0,0,0,leisure
151,295,2023-04-10 17:13:54.468279,https://lookiero/user/quiz/work,0 days 00:00:11.665555,https://lookiero/user/quiz/fit,0,0,0,0,0,0,0,0,0,0,0,0,0,0,0,0,0,0,work
152,295,2023-04-10 17:14:06.133834,https://lookiero/user/quiz/fit,0 days 00:00:10.247856,https://lookiero/user/quiz/highlight,0,0,1,0,0,0,0,0,0,0,0,0,0,0,0,0,0,0,fit
153,295,2023-04-10 17:14:16.381690,https://lookiero/user/quiz/highlight,0 days 00:00:26.625442,https://lookiero/user/quiz/body-shape,0,0,0,1,0,0,0,0,0,0,0,0,0,0,0,0,0,0,highlight
154,295,2023-04-10 17:14:43.007132,https://lookiero/user/quiz/body-shape,0 days 00:00:16.878809,https://lookiero/user/quiz/eyes,0,0,0,0,0,0,0,0,0,0,0,0,0,0,0,0,0,0,body-shape
155,295,2023-04-10 17:14:59.885941,https://lookiero/user/quiz/eyes,0 days 00:00:13.820891,https://lookiero/user/quiz/hair,0,0,0,0,0,0,0,0,0,0,0,0,0,0,0,0,0,0,eyes
156,295,2023-04-10 17:15:13.706832,https://lookiero/user/quiz/hair,0 days 00:00:02.792781,https://lookiero/user/quiz/sizes,0,0,0,0,0,0,0,0,0,0,0,0,0,0,0,0,0,0,hair
157,295,2023-04-10 17:15:16.499613,https://lookiero/user/quiz/sizes,0 days 00:00:20.752177,https://lookiero/user/quiz/measurements,0,0,0,0,0,0,0,0,0,0,0,0,0,0,0,0,0,0,sizes
158,295,2023-04-10 17:15:37.251790,https://lookiero/user/quiz/measurements,0 days 00:00:08.631193,https://lookiero/user/quiz/focus,0,0,0,0,0,0,0,0,0,0,0,0,0,0,0,0,0,0,measurements
159,295,2023-04-10 17:15:45.882983,https://lookiero/user/quiz/focus,0 days 00:00:07.474797,https://lookiero/user/quiz/adventurous,0,0,0,0,0,0,0,0,0,0,0,0,0,0,0,0,0,0,focus
160,295,2023-04-10 17:15:53.357780,https://lookiero/user/quiz/adventurous,0 days 00:00:16.786871,https://lookiero/user/quiz/styles,0,0,0,0,0,0,0,0,0,0,0,0,0,0,0,0,0,0,adventurous
161,295,2023-04-10 17:16:10.144651,https://lookiero/user/quiz/styles,0 days 00:00:26.734024,https://lookiero/user/quiz/prices,0,0,0,0,0,0,0,0,0,0,0,1,0,0,0,0,0,0,styles
162,295,2023-04-10 17:16:36.878675,https://lookiero/user/quiz/prices,0 days 00:00:13.906797,https://lookiero/user/quiz/avoid,0,0,0,0,0,0,0,0,0,0,0,0,1,0,0,0,0,0,prices
163,295,2023-04-10 17:16:50.785472,https://lookiero/user/quiz/avoid,0 days 00:00:11.678215,https://lookiero/user/quiz/footwear,0,0,0,0,0,0,0,0,0,0,0,0,0,0,0,0,0,0,avoid
164,295,2023-04-10 17:17:02.463687,https://lookiero/user/quiz/footwear,0 days 00:00:26.541491,https://lookiero/user/quiz/you,0,0,0,0,0,0,0,0,0,0,0,0,0,0,1,0,0,0,footwear
165,295,2023-04-10 17:17:29.005178,https://lookiero/user/quiz/you,0 days 00:00:13.095525,https://lookiero/user/quiz/photos,0,0,0,0,0,0,0,0,0,0,0,0,0,0,0,0,0,0,you
166,295,2023-04-10 17:17:42.100703,https://lookiero/user/quiz/photos,0 days 00:02:39.176989,https://lookiero/user/quiz/register,0,0,0,0,0,0,0,0,0,0,0,0,0,0,0,0,1,0,photos
167,295,2023-04-10 17:20:21.277692,https://lookiero/user/quiz/register,,https://lookiero/user/quiz,0,0,0,0,0,0,0,0,0,0,0,0,0,0,0,0,0,0,register
168,309,2023-03-18 22:12:46.529858,https://lookiero/user/quiz,0 days 00:00:10.383852,https://lookiero/user/quiz/work,0,0,0,0,0,0,0,0,0,0,0,0,0,0,0,0,0,0,
169,309,2023-03-18 22:12:56.913710,https://lookiero/user/quiz/work,0 days 00:00:18.140470,https://lookiero/user/quiz/fit,0,0,0,0,0,0,0,0,0,0,0,0,0,0,0,0,0,0,work
170,309,2023-03-18 22:13:15.054180,https://lookiero/user/quiz/fit,0 days 00:00:38.957872,https://lookiero/user/quiz/highlight,0,0,1,0,0,0,0,0,0,0,0,0,0,0,0,0,0,0,fit
171,309,2023-03-18 22:13:54.012052,https://lookiero/user/quiz/highlight,0 days 00:00:26.041925,https://lookiero/user/quiz/body-shape,0,0,0,1,0,0,0,0,0,0,0,0,0,0,0,0,0,0,highlight
172,309,2023-03-18 22:14:20.053977,https://lookiero/user/quiz/body-shape,0 days 00:01:01.220898,https://lookiero/user/quiz/eyes,0,0,0,0,1,0,0,0,0,0,0,0,0,0,0,0,0,0,body-shape
173,309,2023-03-18 22:15:21.274875,https://lookiero/user/quiz/eyes,0 days 00:00:20.772779,https://lookiero/user/quiz/hair,0,0,0,0,0,1,0,0,0,0,0,0,0,0,0,0,0,0,eyes
174,309,2023-03-18 22:15:42.047654,https://lookiero/user/quiz/hair,0 days 00:00:10.012512,https://lookiero/user/quiz/sizes,0,0,0,0,0,0,1,0,0,0,0,0,0,0,0,0,0,0,hair
175,309,2023-03-18 22:15:52.060166,https://lookiero/user/quiz/sizes,0 days 00:00:23.841916,https://lookiero/user/quiz/measurements,0,0,0,0,0,0,0,1,0,0,0,0,0,0,0,0,0,0,sizes
176,309,2023-03-18 22:16:15.902082,https://lookiero/user/quiz/measurements,0 days 00:00:09.191117,https://lookiero/user/quiz/focus,0,0,0,0,0,0,0,0,0,0,0,0,0,0,0,0,0,0,measurements
177,309,2023-03-18 22:16:25.093199,https://lookiero/user/quiz/focus,0 days 00:00:20.865111,https://lookiero/user/quiz/adventurous,0,0,0,0,0,0,0,0,0,1,0,0,0,0,0,0,0,0,focus
178,309,2023-03-18 22:16:45.958310,https://lookiero/user/quiz/adventurous,0 days 00:00:47.893622,https://lookiero/user/quiz/styles,0,0,0,0,0,0,0,0,0,0,1,0,0,0,0,0,0,0,adventurous
179,309,2023-03-18 22:17:33.851932,https://lookiero/user/quiz/styles,0 days 00:00:54.678463,https://lookiero/user/quiz/prices,0,0,0,0,0,0,0,0,0,0,0,1,0,0,0,0,0,0,styles
180,309,2023-03-18 22:18:28.530395,https://lookiero/user/quiz/prices,0 days 00:00:15.211538,https://lookiero/user/quiz/avoid,0,0,0,0,0,0,0,0,0,0,0,0,1,0,0,0,0,0,prices
181,309,2023-03-18 22:18:43.741933,https://lookiero/user/quiz/avoid,0 days 00:00:28.103006,https://lookiero/user/quiz/footwear,0,0,0,0,0,0,0,0,0,0,0,0,0,1,0,0,0,0,avoid
182,309,2023-03-18 22:19:11.844939,https://lookiero/user/quiz/footwear,0 days 00:00:37.762964,https://lookiero/user/quiz/you,0,0,0,0,0,0,0,0,0,0,0,0,0,0,1,0,0,0,footwear
183,309,2023-03-18 22:19:49.607903,https://lookiero/user/quiz/you,0 days 00:00:27.686350,https://lookiero/user/quiz/photos,0,0,0,0,0,0,0,0,0,0,0,0,0,0,0,1,0,0,you
184,309,2023-03-18 22:20:17.294253,https://lookiero/user/quiz/photos,0 days 00:00:27.532017,https://lookiero/user/quiz/social,0,0,0,0,0,0,0,0,0,0,0,0,0,0,0,0,1,0,photos
185,309,2023-03-18 22:20:44.826270,https://lookiero/user/quiz/social,0 days 00:00:46.338159,https://lookiero/user/quiz/register,0,0,0,0,0,0,0,0,0,0,0,0,0,0,0,0,0,0,social
186,309,2023-03-18 22:21:31.164429,https://lookiero/user/quiz/register,,https://lookiero/user/quiz,0,0,0,0,0,0,0,0,0,0,0,0,0,0,0,0,0,0,register
187,331,2023-06-11 12:19:13.976360,https://lookiero/user/quiz,0 days 00:00:10.242083,https://lookiero/user/quiz/work,0,0,0,0,0,0,0,0,0,0,0,0,0,0,0,0,0,0,
188,331,2023-06-11 12:19:24.218443,https://lookiero/user/quiz/work,0 days 00:00:06.799899,https://lookiero/user/quiz/fit,0,0,0,0,0,0,0,0,0,0,0,0,0,0,0,0,0,0,work
189,331,2023-06-11 12:19:31.018342,https://lookiero/user/quiz/fit,0 days 00:00:17.440744,https://lookiero/user/quiz/highlight,0,0,1,0,0,0,0,0,0,0,0,0,0,0,0,0,0,0,fit
190,331,2023-06-11 12:19:48.459086,https://lookiero/user/quiz/highlight,0 days 00:00:06.559686,https://lookiero/user/quiz/body-shape,0,0,0,0,0,0,0,0,0,0,0,0,0,0,0,0,0,0,highlight
191,331,2023-06-11 12:19:55.018772,https://lookiero/user/quiz/body-shape,0 days 00:00:59.242698,https://lookiero/user/quiz/eyes,0,0,0,0,1,0,0,0,0,0,0,0,0,0,0,0,0,0,body-shape
192,331,2023-06-11 12:20:54.261470,https://lookiero/user/quiz/eyes,0 days 00:00:11.952675,https://lookiero/user/quiz/hair,0,0,0,0,0,0,0,0,0,0,0,0,0,0,0,0,0,0,eyes
193,331,2023-06-11 12:21:06.214145,https://lookiero/user/quiz/hair,0 days 00:00:19.912933,https://lookiero/user/quiz/measurements,0,0,0,0,0,0,1,0,0,0,0,0,0,0,0,0,0,0,hair
194,331,2023-06-11 12:21:26.127078,https://lookiero/user/quiz/measurements,0 days 00:00:06.920172,https://lookiero/user/quiz/focus,0,0,0,0,0,0,0,0,0,0,0,0,0,0,0,0,0,0,measurements
195,331,2023-06-11 12:21:33.047250,https://lookiero/user/quiz/focus,0 days 00:00:14.927184,https://lookiero/user/quiz/adventurous,0,0,0,0,0,0,0,0,0,1,0,0,0,0,0,0,0,0,focus
196,331,2023-06-11 12:21:47.974434,https://lookiero/user/quiz/adventurous,0 days 00:00:19.595849,https://lookiero/user/quiz/styles,0,0,0,0,0,0,0,0,0,0,1,0,0,0,0,0,0,0,adventurous
197,331,2023-06-11 12:22:07.570283,https://lookiero/user/quiz/styles,0 days 00:00:53.446156,https://lookiero/user/quiz/prices,0,0,0,0,0,0,0,0,0,0,0,1,0,0,0,0,0,0,styles
198,331,2023-06-11 12:23:01.016439,https://lookiero/user/quiz/prices,0 days 00:00:19.000329,https://lookiero/user/quiz/footwear,0,0,0,0,0,0,0,0,0,0,0,0,1,0,0,0,0,0,prices
199,331,2023-06-11 12:23:20.016768,https://lookiero/user/quiz/footwear,0 days 00:00:28.159757,https://lookiero/user/quiz/you,0,0,0,0,0,0,0,0,0,0,0,0,0,0,1,0,0,0,footwear
200,331,2023-06-11 12:23:48.176525,https://lookiero/user/quiz/you,0 days 00:00:28.799210,https://lookiero/user/quiz/photos,0,0,0,0,0,0,0,0,0,0,0,0,0,0,0,1,0,0,you
201,331,2023-06-11 12:24:16.975735,https://lookiero/user/quiz/photos,0 days 00:01:53.851977,https://lookiero/user/quiz/register,0,0,0,0,0,0,0,0,0,0,0,0,0,0,0,0,1,0,photos
202,331,2023-06-11 12:26:10.827712,https://lookiero/user/quiz/register,,https://lookiero/user/quiz/work,0,0,0,0,0,0,0,0,0,0,0,0,0,0,0,0,0,0,register
203,366,2023-01-23 12:32:45.735308,https://lookiero/user/quiz/work,0 days 00:00:16.634314,https://lookiero/user/quiz/fit,0,0,0,0,0,0,0,0,0,0,0,0,0,0,0,0,0,0,work
204,366,2023-01-23 12:33:02.369622,https://lookiero/user/quiz/fit,0 days 00:00:17.005609,https://lookiero/user/quiz/highlight,0,0,1,0,0,0,0,0,0,0,0,0,0,0,0,0,0,0,fit
205,366,2023-01-23 12:33:19.375231,https://lookiero/user/quiz/highlight,0 days 00:00:09.753881,https://lookiero/user/quiz/body-shape,0,0,0,0,0,0,0,0,0,0,0,0,0,0,0,0,0,0,highlight
206,366,2023-01-23 12:33:29.129112,https://lookiero/user/quiz/body-shape,0 days 00:00:15.602898,https://lookiero/user/quiz/eyes,0,0,0,0,0,0,0,0,0,0,0,0,0,0,0,0,0,0,body-shape
207,366,2023-01-23 12:33:44.732010,https://lookiero/user/quiz/eyes,0 days 00:00:06.143241,https://lookiero/user/quiz/hair,0,0,0,0,0,0,0,0,0,0,0,0,0,0,0,0,0,0,eyes
208,366,2023-01-23 12:33:50.875251,https://lookiero/user/quiz/hair,0 days 00:00:16.881556,https://lookiero/user/quiz/measurements,0,0,0,0,0,0,1,0,0,0,0,0,0,0,0,0,0,0,hair
209,366,2023-01-23 12:34:07.756807,https://lookiero/user/quiz/measurements,0 days 00:00:13.041495,https://lookiero/user/quiz/focus,0,0,0,0,0,0,0,0,0,0,0,0,0,0,0,0,0,0,measurements
210,366,2023-01-23 12:34:20.798302,https://lookiero/user/quiz/focus,0 days 00:00:09.491839,https://lookiero/user/quiz/adventurous,0,0,0,0,0,0,0,0,0,0,0,0,0,0,0,0,0,0,focus
211,366,2023-01-23 12:34:30.290141,https://lookiero/user/quiz/adventurous,0 days 00:00:11.628072,https://lookiero/user/quiz/styles,0,0,0,0,0,0,0,0,0,0,0,0,0,0,0,0,0,0,adventurous
212,366,2023-01-23 12:34:41.918213,https://lookiero/user/quiz/styles,0 days 00:00:20.844955,https://lookiero/user/quiz/prices,0,0,0,0,0,0,0,0,0,0,0,0,0,0,0,0,0,0,styles
213,366,2023-01-23 12:35:02.763168,https://lookiero/user/quiz/prices,0 days 00:00:07.384658,https://lookiero/user/quiz/avoid,0,0,0,0,0,0,0,0,0,0,0,0,0,0,0,0,0,0,prices
214,366,2023-01-23 12:35:10.147826,https://lookiero/user/quiz/avoid,0 days 00:00:05.461459,https://lookiero/user/quiz/footwear,0,0,0,0,0,0,0,0,0,0,0,0,0,0,0,0,0,0,avoid
215,366,2023-01-23 12:35:15.609285,https://lookiero/user/quiz/footwear,0 days 00:00:22.279317,https://lookiero/user/quiz/you,0,0,0,0,0,0,0,0,0,0,0,0,0,0,0,0,0,0,footwear
216,366,2023-01-23 12:35:37.888602,https://lookiero/user/quiz/you,0 days 00:00:13.585148,https://lookiero/user/quiz/photos,0,0,0,0,0,0,0,0,0,0,0,0,0,0,0,0,0,0,you
217,366,2023-01-23 12:35:51.473750,https://lookiero/user/quiz/photos,0 days 00:00:09.838500,https://lookiero/user/quiz/register,0,0,0,0,0,0,0,0,0,0,0,0,0,0,0,0,0,0,photos
218,366,2023-01-23 12:36:01.312250,https://lookiero/user/quiz/register,,https://lookiero/user/quiz/work,0,0,0,0,0,0,0,0,0,0,0,0,0,0,0,0,0,0,register
219,375,2023-07-24 22:01:01.644387,https://lookiero/user/quiz/work,0 days 00:00:09.626393,https://lookiero/user/quiz/fit,0,0,0,0,0,0,0,0,0,0,0,0,0,0,0,0,0,0,work
220,375,2023-07-24 22:01:11.270780,https://lookiero/user/quiz/fit,0 days 00:00:05.482359,https://lookiero/user/quiz/highlight,0,0,0,0,0,0,0,0,0,0,0,0,0,0,0,0,0,0,fit
221,375,2023-07-24 22:01:16.753139,https://lookiero/user/quiz/highlight,0 days 00:00:28.047165,https://lookiero/user/quiz/sizes,0,0,0,1,0,0,0,0,0,0,0,0,0,0,0,0,0,0,highlight
222,375,2023-07-24 22:01:44.800304,https://lookiero/user/quiz/sizes,0 days 00:00:07.314635,https://lookiero/user/quiz/hair,0,0,0,0,0,0,0,0,0,0,0,0,0,0,0,0,0,0,sizes
223,375,2023-07-24 22:01:52.114939,https://lookiero/user/quiz/hair,0 days 00:00:00.675740,https://lookiero/user/quiz/eyes,0,0,0,0,0,0,0,0,0,0,0,0,0,0,0,0,0,0,hair
224,375,2023-07-24 22:01:52.790679,https://lookiero/user/quiz/eyes,0 days 00:00:03.839083,https://lookiero/user/quiz/body-shape,0,0,0,0,0,0,0,0,0,0,0,0,0,0,0,0,0,0,eyes
225,375,2023-07-24 22:01:56.629762,https://lookiero/user/quiz/body-shape,,https://lookiero/user/quiz/work,0,0,0,0,0,0,0,0,0,0,0,0,0,0,0,0,0,0,body-shape
226,421,2023-02-19 16:19:04.497719,https://lookiero/user/quiz/work,0 days 00:00:21.790334,https://lookiero/user/quiz/highlight,0,0,0,0,0,0,0,0,0,0,0,0,0,0,0,0,0,0,work
227,421,2023-02-19 16:19:26.288053,https://lookiero/user/quiz/highlight,0 days 00:01:23.460560,https://lookiero/user/quiz/eyes,0,0,0,1,0,0,0,0,0,0,0,0,0,0,0,0,0,0,highlight
228,421,2023-02-19 16:20:49.748613,https://lookiero/user/quiz/eyes,0 days 00:05:29.339626,https://lookiero/user/quiz/hair,0,0,0,0,0,1,0,0,0,0,0,0,0,0,0,0,0,0,eyes
229,421,2023-02-19 16:26:19.088239,https://lookiero/user/quiz/hair,,https://lookiero/user/quiz/work,0,0,0,0,0,0,0,0,0,0,0,0,0,0,0,0,0,0,hair
230,437,2023-03-18 15:45:05.986558,https://lookiero/user/quiz/work,0 days 00:00:05.918590,https://lookiero/user/quiz/fit,0,0,0,0,0,0,0,0,0,0,0,0,0,0,0,0,0,0,work
231,437,2023-03-18 15:45:11.905148,https://lookiero/user/quiz/fit,0 days 00:00:12.439664,https://lookiero/user/quiz/highlight,0,0,1,0,0,0,0,0,0,0,0,0,0,0,0,0,0,0,fit
232,437,2023-03-18 15:45:24.344812,https://lookiero/user/quiz/highlight,0 days 00:00:19.043647,https://lookiero/user/quiz/body-shape,0,0,0,1,0,0,0,0,0,0,0,0,0,0,0,0,0,0,highlight
233,437,2023-03-18 15:45:43.388459,https://lookiero/user/quiz/body-shape,0 days 00:01:14.752261,https://lookiero/user/quiz/eyes,0,0,0,0,1,0,0,0,0,0,0,0,0,0,0,0,0,0,body-shape
234,437,2023-03-18 15:46:58.140720,https://lookiero/user/quiz/eyes,0 days 00:00:14.652735,https://lookiero/user/quiz/hair,0,0,0,0,0,0,0,0,0,0,0,0,0,0,0,0,0,0,eyes
235,437,2023-03-18 15:47:12.793455,https://lookiero/user/quiz/hair,0 days 00:00:19.532173,https://lookiero/user/quiz/sizes,0,0,0,0,0,0,1,0,0,0,0,0,0,0,0,0,0,0,hair
236,437,2023-03-18 15:47:32.325628,https://lookiero/user/quiz/sizes,0 days 00:00:25.193847,https://lookiero/user/quiz/measurements,0,0,0,0,0,0,0,1,0,0,0,0,0,0,0,0,0,0,sizes
237,437,2023-03-18 15:47:57.519475,https://lookiero/user/quiz/measurements,0 days 00:00:04.686625,https://lookiero/user/quiz/focus,0,0,0,0,0,0,0,0,0,0,0,0,0,0,0,0,0,0,measurements
238,437,2023-03-18 15:48:02.206100,https://lookiero/user/quiz/focus,0 days 00:00:16.761713,https://lookiero/user/quiz/adventurous,0,0,0,0,0,0,0,0,0,1,0,0,0,0,0,0,0,0,focus
239,437,2023-03-18 15:48:18.967813,https://lookiero/user/quiz/adventurous,0 days 00:00:24.373831,https://lookiero/user/quiz/styles,0,0,0,0,0,0,0,0,0,0,1,0,0,0,0,0,0,0,adventurous
240,437,2023-03-18 15:48:43.341644,https://lookiero/user/quiz/styles,0 days 00:01:05.326435,https://lookiero/user/quiz/prices,0,0,0,0,0,0,0,0,0,0,0,1,0,0,0,0,0,0,styles
241,437,2023-03-18 15:49:48.668079,https://lookiero/user/quiz/prices,0 days 00:00:11.256401,https://lookiero/user/quiz/avoid,0,0,0,0,0,0,0,0,0,0,0,0,0,0,0,0,0,0,prices
242,437,2023-03-18 15:49:59.924480,https://lookiero/user/quiz/avoid,0 days 00:00:19.450199,https://lookiero/user/quiz/footwear,0,0,0,0,0,0,0,0,0,0,0,0,0,1,0,0,0,0,avoid
243,437,2023-03-18 15:50:19.374679,https://lookiero/user/quiz/footwear,0 days 00:00:28.970194,https://lookiero/user/quiz/you,0,0,0,0,0,0,0,0,0,0,0,0,0,0,1,0,0,0,footwear
244,437,2023-03-18 15:50:48.344873,https://lookiero/user/quiz/you,0 days 00:00:13.102306,https://lookiero/user/quiz/photos,0,0,0,0,0,0,0,0,0,0,0,0,0,0,0,0,0,0,you
245,437,2023-03-18 15:51:01.447179,https://lookiero/user/quiz/photos,0 days 00:01:02.640301,https://lookiero/user/quiz/social,0,0,0,0,0,0,0,0,0,0,0,0,0,0,0,0,1,0,photos
246,437,2023-03-18 15:52:04.087480,https://lookiero/user/quiz/social,0 days 00:00:05.208415,https://lookiero/user/quiz/register,0,0,0,0,0,0,0,0,0,0,0,0,0,0,0,0,0,0,social
247,437,2023-03-18 15:52:09.295895,https://lookiero/user/quiz/register,,https://lookiero/user/quiz/work,0,0,0,0,0,0,0,0,0,0,0,0,0,0,0,0,0,0,register
248,468,2023-01-23 19:33:54.226922,https://lookiero/user/quiz/work,0 days 00:00:18.868186,https://lookiero/user/quiz/fit,0,0,0,0,0,0,0,0,0,0,0,0,0,0,0,0,0,0,work
249,468,2023-01-23 19:34:13.095108,https://lookiero/user/quiz/fit,0 days 00:00:20.570758,https://lookiero/user/quiz/highlight,0,0,1,0,0,0,0,0,0,0,0,0,0,0,0,0,0,0,fit
250,468,2023-01-23 19:34:33.665866,https://lookiero/user/quiz/highlight,0 days 00:00:23.731522,https://lookiero/user/quiz/body-shape,0,0,0,1,0,0,0,0,0,0,0,0,0,0,0,0,0,0,highlight
251,468,2023-01-23 19:34:57.397388,https://lookiero/user/quiz/body-shape,0 days 00:00:31.461469,https://lookiero/user/quiz/eyes,0,0,0,0,1,0,0,0,0,0,0,0,0,0,0,0,0,0,body-shape
252,468,2023-01-23 19:35:28.858857,https://lookiero/user/quiz/eyes,0 days 00:00:07.236360,https://lookiero/user/quiz/hair,0,0,0,0,0,0,0,0,0,0,0,0,0,0,0,0,0,0,eyes
253,468,2023-01-23 19:35:36.095217,https://lookiero/user/quiz/hair,0 days 00:00:18.422209,https://lookiero/user/quiz/sizes,0,0,0,0,0,0,1,0,0,0,0,0,0,0,0,0,0,0,hair
254,468,2023-01-23 19:35:54.517426,https://lookiero/user/quiz/sizes,0 days 00:00:33.327067,https://lookiero/user/quiz/measurements,0,0,0,0,0,0,0,1,0,0,0,0,0,0,0,0,0,0,sizes
255,468,2023-01-23 19:36:27.844493,https://lookiero/user/quiz/measurements,0 days 00:00:24.679122,https://lookiero/user/quiz/focus,0,0,0,0,0,0,0,0,1,0,0,0,0,0,0,0,0,0,measurements
256,468,2023-01-23 19:36:52.523615,https://lookiero/user/quiz/focus,0 days 00:00:29.249316,https://lookiero/user/quiz/adventurous,0,0,0,0,0,0,0,0,0,1,0,0,0,0,0,0,0,0,focus
257,468,2023-01-23 19:37:21.772931,https://lookiero/user/quiz/adventurous,0 days 00:00:30.725529,https://lookiero/user/quiz/styles,0,0,0,0,0,0,0,0,0,0,1,0,0,0,0,0,0,0,adventurous
258,468,2023-01-23 19:37:52.498460,https://lookiero/user/quiz/styles,0 days 00:01:10.363490,https://lookiero/user/quiz/prices,0,0,0,0,0,0,0,0,0,0,0,1,0,0,0,0,0,0,styles
259,468,2023-01-23 19:39:02.861950,https://lookiero/user/quiz/prices,0 days 00:00:17.901569,https://lookiero/user/quiz/avoid,0,0,0,0,0,0,0,0,0,0,0,0,1,0,0,0,0,0,prices
260,468,2023-01-23 19:39:20.763519,https://lookiero/user/quiz/avoid,0 days 00:00:30.165991,https://lookiero/user/quiz/footwear,0,0,0,0,0,0,0,0,0,0,0,0,0,1,0,0,0,0,avoid
261,468,2023-01-23 19:39:50.929510,https://lookiero/user/quiz/footwear,0 days 00:00:17.501785,https://lookiero/user/quiz/you,0,0,0,0,0,0,0,0,0,0,0,0,0,0,0,0,0,0,footwear
262,468,2023-01-23 19:40:08.431295,https://lookiero/user/quiz/you,0 days 00:01:10.460455,https://lookiero/user/quiz/photos,0,0,0,0,0,0,0,0,0,0,0,0,0,0,0,1,0,0,you
263,468,2023-01-23 19:41:18.891750,https://lookiero/user/quiz/photos,0 days 00:09:26.773751,https://lookiero/user/quiz/social,0,0,0,0,0,0,0,0,0,0,0,0,0,0,0,0,1,0,photos
264,468,2023-01-23 19:50:45.665501,https://lookiero/user/quiz/social,0 days 00:00:22.589648,https://lookiero/user/quiz/register,0,0,0,0,0,0,0,0,0,0,0,0,0,0,0,0,0,0,social
265,468,2023-01-23 19:51:08.255149,https://lookiero/user/quiz/register,,https://lookiero/user/quiz/register,0,0,0,0,0,0,0,0,0,0,0,0,0,0,0,0,0,0,register
266,501,2023-01-05 07:13:26.892933,https://lookiero/user/quiz/register,,https://lookiero/user/quiz,0,0,0,0,0,0,0,0,0,0,0,0,0,0,0,0,0,0,register
267,569,2023-06-09 17:58:49.380286,https://lookiero/user/quiz,,https://lookiero/user/quiz/work,0,0,0,0,0,0,0,0,0,0,0,0,0,0,0,0,0,0,
268,610,2023-02-19 06:55:53.532201,https://lookiero/user/quiz/work,0 days 00:00:07.924682,https://lookiero/user/quiz/fit,0,0,0,0,0,0,0,0,0,0,0,0,0,0,0,0,0,0,work
269,610,2023-02-19 06:56:01.456883,https://lookiero/user/quiz/fit,0 days 00:00:15.795833,https://lookiero/user/quiz/highlight,0,0,1,0,0,0,0,0,0,0,0,0,0,0,0,0,0,0,fit
270,610,2023-02-19 06:56:17.252716,https://lookiero/user/quiz/highlight,0 days 00:00:08.455271,https://lookiero/user/quiz/body-shape,0,0,0,0,0,0,0,0,0,0,0,0,0,0,0,0,0,0,highlight
271,610,2023-02-19 06:56:25.707987,https://lookiero/user/quiz/body-shape,0 days 00:00:38.003744,https://lookiero/user/quiz/eyes,0,0,0,0,1,0,0,0,0,0,0,0,0,0,0,0,0,0,body-shape
272,610,2023-02-19 06:57:03.711731,https://lookiero/user/quiz/eyes,0 days 00:00:07.979913,https://lookiero/user/quiz/hair,0,0,0,0,0,0,0,0,0,0,0,0,0,0,0,0,0,0,eyes
273,610,2023-02-19 06:57:11.691644,https://lookiero/user/quiz/hair,0 days 00:00:35.514318,https://lookiero/user/quiz/measurements,0,0,0,0,0,0,1,0,0,0,0,0,0,0,0,0,0,0,hair
274,610,2023-02-19 06:57:47.205962,https://lookiero/user/quiz/measurements,0 days 00:00:13.349870,https://lookiero/user/quiz/focus,0,0,0,0,0,0,0,0,0,0,0,0,0,0,0,0,0,0,measurements
275,610,2023-02-19 06:58:00.555832,https://lookiero/user/quiz/focus,0 days 00:00:13.356239,https://lookiero/user/quiz/adventurous,0,0,0,0,0,0,0,0,0,0,0,0,0,0,0,0,0,0,focus
276,610,2023-02-19 06:58:13.912071,https://lookiero/user/quiz/adventurous,0 days 00:00:16.326884,https://lookiero/user/quiz/styles,0,0,0,0,0,0,0,0,0,0,0,0,0,0,0,0,0,0,adventurous
277,610,2023-02-19 06:58:30.238955,https://lookiero/user/quiz/styles,0 days 00:00:17.742398,https://lookiero/user/quiz/prices,0,0,0,0,0,0,0,0,0,0,0,0,0,0,0,0,0,0,styles
278,610,2023-02-19 06:58:47.981353,https://lookiero/user/quiz/prices,0 days 00:00:13.444393,https://lookiero/user/quiz/avoid,0,0,0,0,0,0,0,0,0,0,0,0,1,0,0,0,0,0,prices
279,610,2023-02-19 06:59:01.425746,https://lookiero/user/quiz/avoid,0 days 00:00:36.269924,https://lookiero/user/quiz/footwear,0,0,0,0,0,0,0,0,0,0,0,0,0,1,0,0,0,0,avoid
280,610,2023-02-19 06:59:37.695670,https://lookiero/user/quiz/footwear,0 days 00:00:29.487118,https://lookiero/user/quiz/you,0,0,0,0,0,0,0,0,0,0,0,0,0,0,1,0,0,0,footwear
281,610,2023-02-19 07:00:07.182788,https://lookiero/user/quiz/you,0 days 00:00:24.417938,https://lookiero/user/quiz/photos,0,0,0,0,0,0,0,0,0,0,0,0,0,0,0,1,0,0,you
282,610,2023-02-19 07:00:31.600726,https://lookiero/user/quiz/photos,0 days 00:01:34.510063,https://lookiero/user/quiz/social,0,0,0,0,0,0,0,0,0,0,0,0,0,0,0,0,1,0,photos
283,610,2023-02-19 07:02:06.110789,https://lookiero/user/quiz/social,,https://lookiero/user/quiz/work,0,0,0,0,0,0,0,0,0,0,0,0,0,0,0,0,0,0,social
284,718,2023-07-19 08:48:43.821170,https://lookiero/user/quiz/work,0 days 00:00:17.965589,https://lookiero/user/quiz/measurements,0,0,0,0,0,0,0,0,0,0,0,0,0,0,0,0,0,0,work
285,718,2023-07-19 08:49:01.786759,https://lookiero/user/quiz/measurements,0 days 00:10:42.850935,https://lookiero/user/quiz/sizes,0,0,0,0,0,0,0,0,1,0,0,0,0,0,0,0,0,0,measurements
286,718,2023-07-19 08:59:44.637694,https://lookiero/user/quiz/sizes,0 days 00:00:04.381668,https://lookiero/user/quiz/hair,0,0,0,0,0,0,0,0,0,0,0,0,0,0,0,0,0,0,sizes
287,718,2023-07-19 08:59:49.019362,https://lookiero/user/quiz/hair,0 days 00:00:05.042630,https://lookiero/user/quiz/eyes,0,0,0,0,0,0,0,0,0,0,0,0,0,0,0,0,0,0,hair
288,718,2023-07-19 08:59:54.061992,https://lookiero/user/quiz/eyes,0 days 00:00:10.609383,https://lookiero/user/quiz/body-shape,0,0,0,0,0,0,0,0,0,0,0,0,0,0,0,0,0,0,eyes
289,718,2023-07-19 09:00:04.671375,https://lookiero/user/quiz/body-shape,0 days 00:00:04.404653,https://lookiero/user/quiz/highlight,0,0,0,0,0,0,0,0,0,0,0,0,0,0,0,0,0,0,body-shape
290,718,2023-07-19 09:00:09.076028,https://lookiero/user/quiz/highlight,0 days 00:00:01.511422,https://lookiero/user/quiz/fit,0,0,0,0,0,0,0,0,0,0,0,0,0,0,0,0,0,0,highlight
291,718,2023-07-19 09:00:10.587450,https://lookiero/user/quiz/fit,1 days 07:15:13.899042,https://lookiero/user/quiz/focus,0,0,1,0,0,0,0,0,0,0,0,0,0,0,0,0,0,0,fit
292,718,2023-07-20 16:15:24.486492,https://lookiero/user/quiz/focus,0 days 00:14:06.240232,https://lookiero/user/quiz/adventurous,0,0,0,0,0,0,0,0,0,1,0,0,0,0,0,0,0,0,focus
293,718,2023-07-20 16:29:30.726724,https://lookiero/user/quiz/adventurous,0 days 00:00:18.901537,https://lookiero/user/quiz/prices,0,0,0,0,0,0,0,0,0,0,1,0,0,0,0,0,0,0,adventurous
294,718,2023-07-20 16:29:49.628261,https://lookiero/user/quiz/prices,0 days 00:02:38.516804,https://lookiero/user/quiz/avoid,0,0,0,0,0,0,0,0,0,0,0,0,1,0,0,0,0,0,prices
295,718,2023-07-20 16:32:28.145065,https://lookiero/user/quiz/avoid,6 days 18:09:27.405562,https://lookiero/user/quiz/you,0,0,0,0,0,0,0,0,0,0,0,0,0,1,0,0,0,0,avoid
296,718,2023-07-27 10:41:55.550627,https://lookiero/user/quiz/you,0 days 00:00:00.494653,https://lookiero/user/quiz/footwear,0,0,0,0,0,0,0,0,0,0,0,0,0,0,0,0,0,0,you
297,718,2023-07-27 10:41:56.045280,https://lookiero/user/quiz/footwear,0 days 00:00:01.597999,https://lookiero/user/quiz/styles,0,0,0,0,0,0,0,0,0,0,0,0,0,0,0,0,0,0,footwear
298,718,2023-07-27 10:41:57.643279,https://lookiero/user/quiz/styles,0 days 05:30:18.557964,https://lookiero/user/quiz,0,0,0,0,0,0,0,0,0,0,0,1,0,0,0,0,0,0,styles
299,718,2023-07-27 16:12:16.201243,https://lookiero/user/quiz,,https://lookiero/user/quiz/register,0,0,0,0,0,0,0,0,0,0,0,0,0,0,0,0,0,0,
300,735,2023-01-06 12:29:02.978439,https://lookiero/user/quiz/register,,https://lookiero/user/quiz/work,0,0,0,0,0,0,0,0,0,0,0,0,0,0,0,0,0,0,register
301,740,2023-06-29 11:21:15.588052,https://lookiero/user/quiz/work,0 days 00:00:08.769763,https://lookiero/user/quiz/fit,0,0,0,0,0,0,0,0,0,0,0,0,0,0,0,0,0,0,work
302,740,2023-06-29 11:21:24.357815,https://lookiero/user/quiz/fit,0 days 00:00:10.930569,https://lookiero/user/quiz/highlight,0,0,1,0,0,0,0,0,0,0,0,0,0,0,0,0,0,0,fit
303,740,2023-06-29 11:21:35.288384,https://lookiero/user/quiz/highlight,0 days 00:00:29.006376,https://lookiero/user/quiz/body-shape,0,0,0,1,0,0,0,0,0,0,0,0,0,0,0,0,0,0,highlight
304,740,2023-06-29 11:22:04.294760,https://lookiero/user/quiz/body-shape,0 days 00:00:30.683885,https://lookiero/user/quiz/eyes,0,0,0,0,1,0,0,0,0,0,0,0,0,0,0,0,0,0,body-shape
305,740,2023-06-29 11:22:34.978645,https://lookiero/user/quiz/eyes,0 days 00:00:11.610422,https://lookiero/user/quiz/hair,0,0,0,0,0,0,0,0,0,0,0,0,0,0,0,0,0,0,eyes
306,740,2023-06-29 11:22:46.589067,https://lookiero/user/quiz/hair,0 days 00:00:07.183847,https://lookiero/user/quiz/sizes,0,0,0,0,0,0,0,0,0,0,0,0,0,0,0,0,0,0,hair
307,740,2023-06-29 11:22:53.772914,https://lookiero/user/quiz/sizes,0 days 00:00:26.723500,https://lookiero/user/quiz/measurements,0,0,0,0,0,0,0,1,0,0,0,0,0,0,0,0,0,0,sizes
308,740,2023-06-29 11:23:20.496414,https://lookiero/user/quiz/measurements,0 days 00:00:11.313938,https://lookiero/user/quiz/focus,0,0,0,0,0,0,0,0,0,0,0,0,0,0,0,0,0,0,measurements
309,740,2023-06-29 11:23:31.810352,https://lookiero/user/quiz/focus,0 days 00:00:19.611414,https://lookiero/user/quiz/adventurous,0,0,0,0,0,0,0,0,0,1,0,0,0,0,0,0,0,0,focus
310,740,2023-06-29 11:23:51.421766,https://lookiero/user/quiz/adventurous,0 days 00:00:20.046835,https://lookiero/user/quiz/styles,0,0,0,0,0,0,0,0,0,0,1,0,0,0,0,0,0,0,adventurous
311,740,2023-06-29 11:24:11.468601,https://lookiero/user/quiz/styles,0 days 00:01:24.350328,https://lookiero/user/quiz/prices,0,0,0,0,0,0,0,0,0,0,0,1,0,0,0,0,0,0,styles
312,740,2023-06-29 11:25:35.818929,https://lookiero/user/quiz/prices,0 days 00:00:12.429881,https://lookiero/user/quiz/avoid,0,0,0,0,0,0,0,0,0,0,0,0,1,0,0,0,0,0,prices
313,740,2023-06-29 11:25:48.248810,https://lookiero/user/quiz/avoid,0 days 00:02:06.103879,https://lookiero/user/quiz/footwear,0,0,0,0,0,0,0,0,0,0,0,0,0,1,0,0,0,0,avoid
314,740,2023-06-29 11:27:54.352689,https://lookiero/user/quiz/footwear,0 days 00:00:02.025720,https://lookiero/user/quiz/you,0,0,0,0,0,0,0,0,0,0,0,0,0,0,0,0,0,0,footwear
315,740,2023-06-29 11:27:56.378409,https://lookiero/user/quiz/you,0 days 00:00:08.201483,https://lookiero/user/quiz/photos,0,0,0,0,0,0,0,0,0,0,0,0,0,0,0,0,0,0,you
316,740,2023-06-29 11:28:04.579892,https://lookiero/user/quiz/photos,,https://lookiero/user/quiz,0,0,0,0,0,0,0,0,0,0,0,0,0,0,0,0,0,0,photos
317,763,2023-03-18 15:53:05.256119,https://lookiero/user/quiz,0 days 00:00:36.836735,https://lookiero/user/quiz/highlight,0,0,0,0,0,0,0,0,0,0,0,0,0,0,0,0,0,0,
318,763,2023-03-18 15:53:42.092854,https://lookiero/user/quiz/highlight,0 days 00:00:10.612073,https://lookiero/user/quiz/body-shape,0,0,0,0,0,0,0,0,0,0,0,0,0,0,0,0,0,0,highlight
319,763,2023-03-18 15:53:52.704927,https://lookiero/user/quiz/body-shape,0 days 00:00:21.489144,https://lookiero/user/quiz/hair,0,0,0,0,1,0,0,0,0,0,0,0,0,0,0,0,0,0,body-shape
320,763,2023-03-18 15:54:14.194071,https://lookiero/user/quiz/hair,0 days 00:00:43.995846,https://lookiero/user/quiz/measurements,0,0,0,0,0,0,1,0,0,0,0,0,0,0,0,0,0,0,hair
321,763,2023-03-18 15:54:58.189917,https://lookiero/user/quiz/measurements,0 days 00:00:27.812827,https://lookiero/user/quiz/sizes,0,0,0,0,0,0,0,0,1,0,0,0,0,0,0,0,0,0,measurements
322,763,2023-03-18 15:55:26.002744,https://lookiero/user/quiz/sizes,0 days 00:00:05.828285,https://lookiero/user/quiz/fit,0,0,0,0,0,0,0,0,0,0,0,0,0,0,0,0,0,0,sizes
323,763,2023-03-18 15:55:31.831029,https://lookiero/user/quiz/fit,0 days 00:00:05.369375,https://lookiero/user/quiz/work,0,0,0,0,0,0,0,0,0,0,0,0,0,0,0,0,0,0,fit
324,763,2023-03-18 15:55:37.200404,https://lookiero/user/quiz/work,0 days 00:00:06.135790,https://lookiero/user/quiz/eyes,0,0,0,0,0,0,0,0,0,0,0,0,0,0,0,0,0,0,work
325,763,2023-03-18 15:55:43.336194,https://lookiero/user/quiz/eyes,0 days 00:00:05.230310,https://lookiero/user/quiz/focus,0,0,0,0,0,0,0,0,0,0,0,0,0,0,0,0,0,0,eyes
326,763,2023-03-18 15:55:48.566504,https://lookiero/user/quiz/focus,0 days 00:00:24.391642,https://lookiero/user/quiz/styles,0,0,0,0,0,0,0,0,0,1,0,0,0,0,0,0,0,0,focus
327,763,2023-03-18 15:56:12.958146,https://lookiero/user/quiz/styles,0 days 00:00:42.661453,https://lookiero/user/quiz/prices,0,0,0,0,0,0,0,0,0,0,0,1,0,0,0,0,0,0,styles
328,763,2023-03-18 15:56:55.619599,https://lookiero/user/quiz/prices,0 days 00:00:09.355373,https://lookiero/user/quiz/avoid,0,0,0,0,0,0,0,0,0,0,0,0,0,0,0,0,0,0,prices
329,763,2023-03-18 15:57:04.974972,https://lookiero/user/quiz/avoid,0 days 00:00:22.621164,https://lookiero/user/quiz/footwear,0,0,0,0,0,0,0,0,0,0,0,0,0,1,0,0,0,0,avoid
330,763,2023-03-18 15:57:27.596136,https://lookiero/user/quiz/footwear,0 days 00:00:26.271388,https://lookiero/user/quiz/you,0,0,0,0,0,0,0,0,0,0,0,0,0,0,1,0,0,0,footwear
331,763,2023-03-18 15:57:53.867524,https://lookiero/user/quiz/you,0 days 00:00:10.704925,https://lookiero/user/quiz/photos,0,0,0,0,0,0,0,0,0,0,0,0,0,0,0,0,0,0,you
332,763,2023-03-18 15:58:04.572449,https://lookiero/user/quiz/photos,0 days 00:00:10.622966,https://lookiero/user/quiz/social,0,0,0,0,0,0,0,0,0,0,0,0,0,0,0,0,0,0,photos
333,763,2023-03-18 15:58:15.195415,https://lookiero/user/quiz/social,,https://lookiero/user/quiz,0,0,0,0,0,0,0,0,0,0,0,0,0,0,0,0,0,0,social
334,766,2023-06-28 05:07:30.803093,https://lookiero/user/quiz,,https://lookiero/user/quiz/work,0,0,0,0,0,0,0,0,0,0,0,0,0,0,0,0,0,0,
335,878,2023-02-18 23:25:14.833298,https://lookiero/user/quiz/work,0 days 00:00:09.727789,https://lookiero/user/quiz/fit,0,0,0,0,0,0,0,0,0,0,0,0,0,0,0,0,0,0,work
336,878,2023-02-18 23:25:24.561087,https://lookiero/user/quiz/fit,0 days 00:00:15.290583,https://lookiero/user/quiz/highlight,0,0,1,0,0,0,0,0,0,0,0,0,0,0,0,0,0,0,fit
337,878,2023-02-18 23:25:39.851670,https://lookiero/user/quiz/highlight,0 days 00:00:33.433966,https://lookiero/user/quiz/body-shape,0,0,0,1,0,0,0,0,0,0,0,0,0,0,0,0,0,0,highlight
338,878,2023-02-18 23:26:13.285636,https://lookiero/user/quiz/body-shape,0 days 00:00:23.223988,https://lookiero/user/quiz/eyes,0,0,0,0,1,0,0,0,0,0,0,0,0,0,0,0,0,0,body-shape
339,878,2023-02-18 23:26:36.509624,https://lookiero/user/quiz/eyes,0 days 00:00:04.212838,https://lookiero/user/quiz/hair,0,0,0,0,0,0,0,0,0,0,0,0,0,0,0,0,0,0,eyes
340,878,2023-02-18 23:26:40.722462,https://lookiero/user/quiz/hair,0 days 00:00:17.716566,https://lookiero/user/quiz/sizes,0,0,0,0,0,0,1,0,0,0,0,0,0,0,0,0,0,0,hair
341,878,2023-02-18 23:26:58.439028,https://lookiero/user/quiz/sizes,0 days 00:00:34.611972,https://lookiero/user/quiz/measurements,0,0,0,0,0,0,0,1,0,0,0,0,0,0,0,0,0,0,sizes
342,878,2023-02-18 23:27:33.051000,https://lookiero/user/quiz/measurements,0 days 00:00:09.755713,https://lookiero/user/quiz/focus,0,0,0,0,0,0,0,0,0,0,0,0,0,0,0,0,0,0,measurements
343,878,2023-02-18 23:27:42.806713,https://lookiero/user/quiz/focus,0 days 00:00:18.491701,https://lookiero/user/quiz/adventurous,0,0,0,0,0,0,0,0,0,1,0,0,0,0,0,0,0,0,focus
344,878,2023-02-18 23:28:01.298414,https://lookiero/user/quiz/adventurous,0 days 00:00:32.347879,https://lookiero/user/quiz/styles,0,0,0,0,0,0,0,0,0,0,1,0,0,0,0,0,0,0,adventurous
345,878,2023-02-18 23:28:33.646293,https://lookiero/user/quiz/styles,0 days 00:00:50.120298,https://lookiero/user/quiz/prices,0,0,0,0,0,0,0,0,0,0,0,1,0,0,0,0,0,0,styles
346,878,2023-02-18 23:29:23.766591,https://lookiero/user/quiz/prices,0 days 00:00:11.479763,https://lookiero/user/quiz/avoid,0,0,0,0,0,0,0,0,0,0,0,0,0,0,0,0,0,0,prices
347,878,2023-02-18 23:29:35.246354,https://lookiero/user/quiz/avoid,0 days 00:00:34.276343,https://lookiero/user/quiz/you,0,0,0,0,0,0,0,0,0,0,0,0,0,1,0,0,0,0,avoid
348,878,2023-02-18 23:30:09.522697,https://lookiero/user/quiz/you,0 days 00:00:21.818660,https://lookiero/user/quiz/photos,0,0,0,0,0,0,0,0,0,0,0,0,0,0,0,1,0,0,you
349,878,2023-02-18 23:30:31.341357,https://lookiero/user/quiz/photos,0 days 00:00:17.407057,https://lookiero/user/quiz/social,0,0,0,0,0,0,0,0,0,0,0,0,0,0,0,0,1,0,photos
350,878,2023-02-18 23:30:48.748414,https://lookiero/user/quiz/social,0 days 00:01:10.994077,https://lookiero/user/quiz/register,0,0,0,0,0,0,0,0,0,0,0,0,0,0,0,0,0,0,social
351,878,2023-02-18 23:31:59.742491,https://lookiero/user/quiz/register,,https://lookiero/user/quiz/work,0,0,0,0,0,0,0,0,0,0,0,0,0,0,0,0,0,0,register
352,920,2023-04-10 14:54:12.120169,https://lookiero/user/quiz/work,0 days 00:00:15.882704,https://lookiero/user/quiz/fit,0,0,0,0,0,0,0,0,0,0,0,0,0,0,0,0,0,0,work
353,920,2023-04-10 14:54:28.002873,https://lookiero/user/quiz/fit,0 days 00:00:26.850024,https://lookiero/user/quiz/highlight,0,0,1,0,0,0,0,0,0,0,0,0,0,0,0,0,0,0,fit
354,920,2023-04-10 14:54:54.852897,https://lookiero/user/quiz/highlight,0 days 00:00:12.327243,https://lookiero/user/quiz/body-shape,0,0,0,0,0,0,0,0,0,0,0,0,0,0,0,0,0,0,highlight
355,920,2023-04-10 14:55:07.180140,https://lookiero/user/quiz/body-shape,0 days 00:00:35.316848,https://lookiero/user/quiz/eyes,0,0,0,0,1,0,0,0,0,0,0,0,0,0,0,0,0,0,body-shape
356,920,2023-04-10 14:55:42.496988,https://lookiero/user/quiz/eyes,0 days 00:00:08.532240,https://lookiero/user/quiz/hair,0,0,0,0,0,0,0,0,0,0,0,0,0,0,0,0,0,0,eyes
357,920,2023-04-10 14:55:51.029228,https://lookiero/user/quiz/hair,0 days 00:00:11.621880,https://lookiero/user/quiz/sizes,0,0,0,0,0,0,1,0,0,0,0,0,0,0,0,0,0,0,hair
358,920,2023-04-10 14:56:02.651108,https://lookiero/user/quiz/sizes,0 days 00:00:18.554073,https://lookiero/user/quiz/measurements,0,0,0,0,0,0,0,0,0,0,0,0,0,0,0,0,0,0,sizes
359,920,2023-04-10 14:56:21.205181,https://lookiero/user/quiz/measurements,0 days 00:00:18.045765,https://lookiero/user/quiz/focus,0,0,0,0,0,0,0,0,0,0,0,0,0,0,0,0,0,0,measurements
360,920,2023-04-10 14:56:39.250946,https://lookiero/user/quiz/focus,0 days 00:00:18.720430,https://lookiero/user/quiz/adventurous,0,0,0,0,0,0,0,0,0,1,0,0,0,0,0,0,0,0,focus
361,920,2023-04-10 14:56:57.971376,https://lookiero/user/quiz/adventurous,0 days 00:00:20.697933,https://lookiero/user/quiz/styles,0,0,0,0,0,0,0,0,0,0,1,0,0,0,0,0,0,0,adventurous
362,920,2023-04-10 14:57:18.669309,https://lookiero/user/quiz/styles,0 days 00:01:04.329900,https://lookiero/user/quiz/prices,0,0,0,0,0,0,0,0,0,0,0,1,0,0,0,0,0,0,styles
363,920,2023-04-10 14:58:22.999209,https://lookiero/user/quiz/prices,0 days 00:00:12.503584,https://lookiero/user/quiz/avoid,0,0,0,0,0,0,0,0,0,0,0,0,1,0,0,0,0,0,prices
364,920,2023-04-10 14:58:35.502793,https://lookiero/user/quiz/avoid,0 days 00:00:09.845578,https://lookiero/user/quiz/footwear,0,0,0,0,0,0,0,0,0,0,0,0,0,0,0,0,0,0,avoid
365,920,2023-04-10 14:58:45.348371,https://lookiero/user/quiz/footwear,0 days 00:00:34.704522,https://lookiero/user/quiz/you,0,0,0,0,0,0,0,0,0,0,0,0,0,0,1,0,0,0,footwear
366,920,2023-04-10 14:59:20.052893,https://lookiero/user/quiz/you,0 days 00:00:20.999364,https://lookiero/user/quiz/photos,0,0,0,0,0,0,0,0,0,0,0,0,0,0,0,1,0,0,you
367,920,2023-04-10 14:59:41.052257,https://lookiero/user/quiz/photos,0 days 00:00:14.760491,https://lookiero/user/quiz/register,0,0,0,0,0,0,0,0,0,0,0,0,0,0,0,0,1,0,photos
368,920,2023-04-10 14:59:55.812748,https://lookiero/user/quiz/register,,https://lookiero/user/quiz/work,0,0,0,0,0,0,0,0,0,0,0,0,0,0,0,0,0,0,register
369,951,2023-01-23 14:55:42.052369,https://lookiero/user/quiz/work,0 days 00:00:07.731433,https://lookiero/user/quiz/fit,0,0,0,0,0,0,0,0,0,0,0,0,0,0,0,0,0,0,work
370,951,2023-01-23 14:55:49.783802,https://lookiero/user/quiz/fit,0 days 00:00:10.228319,https://lookiero/user/quiz/highlight,0,0,1,0,0,0,0,0,0,0,0,0,0,0,0,0,0,0,fit
371,951,2023-01-23 14:56:00.012121,https://lookiero/user/quiz/highlight,0 days 00:00:22.104680,https://lookiero/user/quiz/body-shape,0,0,0,1,0,0,0,0,0,0,0,0,0,0,0,0,0,0,highlight
372,951,2023-01-23 14:56:22.116801,https://lookiero/user/quiz/body-shape,0 days 00:13:20.826897,https://lookiero/user/quiz/eyes,0,0,0,0,1,0,0,0,0,0,0,0,0,0,0,0,0,0,body-shape
373,951,2023-01-23 15:09:42.943698,https://lookiero/user/quiz/eyes,0 days 00:00:09.677496,https://lookiero/user/quiz/hair,0,0,0,0,0,0,0,0,0,0,0,0,0,0,0,0,0,0,eyes
374,951,2023-01-23 15:09:52.621194,https://lookiero/user/quiz/hair,0 days 00:00:10.083226,https://lookiero/user/quiz/sizes,0,0,0,0,0,0,1,0,0,0,0,0,0,0,0,0,0,0,hair
375,951,2023-01-23 15:10:02.704420,https://lookiero/user/quiz/sizes,0 days 00:01:48.079397,https://lookiero/user/quiz/measurements,0,0,0,0,0,0,0,1,0,0,0,0,0,0,0,0,0,0,sizes
376,951,2023-01-23 15:11:50.783817,https://lookiero/user/quiz/measurements,0 days 00:00:14.531336,https://lookiero/user/quiz/focus,0,0,0,0,0,0,0,0,0,0,0,0,0,0,0,0,0,0,measurements
377,951,2023-01-23 15:12:05.315153,https://lookiero/user/quiz/focus,0 days 00:00:12.538948,https://lookiero/user/quiz/adventurous,0,0,0,0,0,0,0,0,0,0,0,0,0,0,0,0,0,0,focus
378,951,2023-01-23 15:12:17.854101,https://lookiero/user/quiz/adventurous,0 days 00:00:23.986181,https://lookiero/user/quiz/styles,0,0,0,0,0,0,0,0,0,0,1,0,0,0,0,0,0,0,adventurous
379,951,2023-01-23 15:12:41.840282,https://lookiero/user/quiz/styles,0 days 00:00:24.150813,https://lookiero/user/quiz/prices,0,0,0,0,0,0,0,0,0,0,0,0,0,0,0,0,0,0,styles
380,951,2023-01-23 15:13:05.991095,https://lookiero/user/quiz/prices,0 days 00:00:11.942210,https://lookiero/user/quiz/avoid,0,0,0,0,0,0,0,0,0,0,0,0,0,0,0,0,0,0,prices
381,951,2023-01-23 15:13:17.933305,https://lookiero/user/quiz/avoid,0 days 00:00:11.342041,https://lookiero/user/quiz/footwear,0,0,0,0,0,0,0,0,0,0,0,0,0,0,0,0,0,0,avoid
382,951,2023-01-23 15:13:29.275346,https://lookiero/user/quiz/footwear,0 days 00:00:21.046868,https://lookiero/user/quiz/you,0,0,0,0,0,0,0,0,0,0,0,0,0,0,0,0,0,0,footwear
383,951,2023-01-23 15:13:50.322214,https://lookiero/user/quiz/you,0 days 00:00:12.303713,https://lookiero/user/quiz/photos,0,0,0,0,0,0,0,0,0,0,0,0,0,0,0,0,0,0,you
384,951,2023-01-23 15:14:02.625927,https://lookiero/user/quiz/photos,0 days 00:00:05.326604,https://lookiero/user/quiz/social,0,0,0,0,0,0,0,0,0,0,0,0,0,0,0,0,0,0,photos
385,951,2023-01-23 15:14:07.952531,https://lookiero/user/quiz/social,0 days 00:00:12.865795,https://lookiero/user/quiz/register,0,0,0,0,0,0,0,0,0,0,0,0,0,0,0,0,0,0,social
386,951,2023-01-23 15:14:20.818326,https://lookiero/user/quiz/register,,https://lookiero/user/quiz/work,0,0,0,0,0,0,0,0,0,0,0,0,0,0,0,0,0,0,register
387,975,2023-08-04 06:25:58.365181,https://lookiero/user/quiz/work,0 days 00:00:03.752477,https://lookiero/user/quiz/fit,0,0,0,0,0,0,0,0,0,0,0,0,0,0,0,0,0,0,work
388,975,2023-08-04 06:26:02.117658,https://lookiero/user/quiz/fit,,https://lookiero/user/quiz/work,0,0,0,0,0,0,0,0,0,0,0,0,0,0,0,0,0,0,fit
389,986,2023-04-10 02:05:47.358487,https://lookiero/user/quiz/work,0 days 00:00:23.338495,https://lookiero/user/quiz/fit,0,0,0,0,0,0,0,0,0,0,0,0,0,0,0,0,0,0,work
390,986,2023-04-10 02:06:10.696982,https://lookiero/user/quiz/fit,0 days 00:00:22.859989,https://lookiero/user/quiz/highlight,0,0,1,0,0,0,0,0,0,0,0,0,0,0,0,0,0,0,fit
391,986,2023-04-10 02:06:33.556971,https://lookiero/user/quiz/highlight,0 days 00:00:50.792040,https://lookiero/user/quiz/body-shape,0,0,0,1,0,0,0,0,0,0,0,0,0,0,0,0,0,0,highlight
392,986,2023-04-10 02:07:24.349011,https://lookiero/user/quiz/body-shape,0 days 00:00:53.608609,https://lookiero/user/quiz/eyes,0,0,0,0,1,0,0,0,0,0,0,0,0,0,0,0,0,0,body-shape
393,986,2023-04-10 02:08:17.957620,https://lookiero/user/quiz/eyes,0 days 00:00:13.962165,https://lookiero/user/quiz/hair,0,0,0,0,0,0,0,0,0,0,0,0,0,0,0,0,0,0,eyes
394,986,2023-04-10 02:08:31.919785,https://lookiero/user/quiz/hair,0 days 00:00:16.610033,https://lookiero/user/quiz/sizes,0,0,0,0,0,0,1,0,0,0,0,0,0,0,0,0,0,0,hair
395,986,2023-04-10 02:08:48.529818,https://lookiero/user/quiz/sizes,0 days 00:00:46.024120,https://lookiero/user/quiz/measurements,0,0,0,0,0,0,0,1,0,0,0,0,0,0,0,0,0,0,sizes
396,986,2023-04-10 02:09:34.553938,https://lookiero/user/quiz/measurements,0 days 00:00:28.642961,https://lookiero/user/quiz/focus,0,0,0,0,0,0,0,0,1,0,0,0,0,0,0,0,0,0,measurements
397,986,2023-04-10 02:10:03.196899,https://lookiero/user/quiz/focus,0 days 00:00:54.013389,https://lookiero/user/quiz/adventurous,0,0,0,0,0,0,0,0,0,1,0,0,0,0,0,0,0,0,focus
398,986,2023-04-10 02:10:57.210288,https://lookiero/user/quiz/adventurous,0 days 00:00:41.181552,https://lookiero/user/quiz/styles,0,0,0,0,0,0,0,0,0,0,1,0,0,0,0,0,0,0,adventurous
399,986,2023-04-10 02:11:38.391840,https://lookiero/user/quiz/styles,0 days 00:03:47.503098,https://lookiero/user/quiz/prices,0,0,0,0,0,0,0,0,0,0,0,1,0,0,0,0,0,0,styles
400,986,2023-04-10 02:15:25.894938,https://lookiero/user/quiz/prices,0 days 00:00:36.182280,https://lookiero/user/quiz/avoid,0,0,0,0,0,0,0,0,0,0,0,0,1,0,0,0,0,0,prices
401,986,2023-04-10 02:16:02.077218,https://lookiero/user/quiz/avoid,0 days 00:01:01.176503,https://lookiero/user/quiz/you,0,0,0,0,0,0,0,0,0,0,0,0,0,1,0,0,0,0,avoid
402,986,2023-04-10 02:17:03.253721,https://lookiero/user/quiz/you,0 days 00:01:03.781154,https://lookiero/user/quiz/photos,0,0,0,0,0,0,0,0,0,0,0,0,0,0,0,1,0,0,you
403,986,2023-04-10 02:18:07.034875,https://lookiero/user/quiz/photos,0 days 00:04:55.176365,https://lookiero/user/quiz/register,0,0,0,0,0,0,0,0,0,0,0,0,0,0,0,0,1,0,photos
404,986,2023-04-10 02:23:02.211240,https://lookiero/user/quiz/register,,,0,0,0,0,0,0,0,0,0,0,0,0,0,0,0,0,0,0,register
